{"Intercept": 9.598341960289936, "temp": -0.15491074231261126, "gas": 0.5194729825322693, "gazprom": 0.1260293736803919}