{"Intercept": 24.409031218510265, "temp": -0.19777183802431714}