{"Intercept": 33.67867149268747, "temp": -0.21659280323418578, "rub": -0.08857150142966108, "gas": 0.8567551471379673}