{"Intercept": 11.141837220217148, "temp": -0.11914786159333715, "oil": 0.03409044484258289}