{"Intercept": 11.473800242765275, "temp": -0.11702193445715504, "oil": 0.024769836524415}