{"Intercept": 25.420624121167695, "temp": -0.3522064546511726, "ownactives": 0.1804456792890079}